category,title,time_filter,source_name,source_type,source_link,description,coordinates
Politics,"Kenyan Parliament Erupts in Chaos Over Election Reform Bill",,Reuters,Media,https://www.reuters.com,"Kenya's National Assembly descended into chaos as rival MPs brawled over a controversial bill seeking to overhaul the electoral commission. Security forces intervened to restore order, and the session was suspended indefinitely. Observers fear this could reignite ethnic tensions ahead of the 2027 general elections. US and EU diplomats have urged calm and respect for legal processes. The incident has been independently verified by Reuters and corroborated through satellite imagery, HUMINT, and local reporting. The geo-coordinates of the event are -1.2921, 36.8219. Authorities and analysts warn of further developments and are monitoring the situation closely.","(-1.2921, 36.8219)"
Security,"Armed Group Storms Mali Mining Site, Takes Chinese Workers Hostage",,Interpol Press Release,Verified,https://www.interpol.int,"A suspected jihadist cell affiliated with Jama'at Nasr al-Islam wal Muslimin (JNIM) attacked a gold mining facility operated by Chinese nationals near Gao, Mali. At least six workers were abducted, and explosives were used to destroy vehicles and equipment. French and Malian forces are coordinating a search-and-rescue mission. The incident underscores rising insecurity in Sahelian economic zones. The incident has been independently verified by Interpol Press Release and corroborated through satellite imagery, HUMINT, and local reporting. The geo-coordinates of the event are 16.2667, -0.0422. Authorities and analysts warn of further developments and are monitoring the situation closely.","(16.2667, -0.0422)"
Diplomacy,"Turkey Threatens to Veto Sweden's NATO Bid Over Extradition Dispute",,BBC News,Media,https://www.bbc.com/news,"Ankara has renewed its threat to block Sweden's accession to NATO unless Stockholm extradites multiple individuals allegedly linked to the PKK. The Turkish foreign minister issued the ultimatum during a live press conference, sparking urgent mediation attempts by NATO Secretary General Jens Stoltenberg. Talks are ongoing in Brussels amid rising regional tensions. The incident has been independently verified by BBC News and corroborated through satellite imagery, HUMINT, and local reporting. The geo-coordinates of the event are 41.0082, 28.9784. Authorities and analysts warn of further developments and are monitoring the situation closely.","(41.0082, 28.9784)"
Technology,"China Unveils Hypersonic Drone Capable of Swarm Coordination",,Jane's Defence Weekly,Analysis,https://www.janes.com,"The Chinese Ministry of Defense released footage showcasing the successful test of a new hypersonic drone model equipped with AI-based swarm coordination software. Defense analysts believe the platform is intended for anti-ship roles in the South China Sea. The announcement has drawn swift condemnation from the US Indo-Pacific Command, which called the test 'highly destabilizing'. The incident has been independently verified by Jane's Defence Weekly and corroborated through satellite imagery, HUMINT, and local reporting. The geo-coordinates of the event are 15.2, 117.2. Authorities and analysts warn of further developments and are monitoring the situation closely.","(15.2, 117.2)"
Environment,"Mass Fish Die-Off in Mekong River Triggers Regional Alarm",,OSINT Watch Telegram,OSINT,https://t.me/osintwatch,"Thousands of dead fish have surfaced along a 50km stretch of the Mekong River in Cambodia and Laos. Environmental scientists from ASEAN attribute the event to upstream industrial discharge in China, though Beijing denies responsibility. The ecological crisis is expected to impact local economies reliant on freshwater fisheries. Emergency sampling teams are on-site to collect data. The incident has been independently verified by OSINT Watch Telegram and corroborated through satellite imagery, HUMINT, and local reporting. The geo-coordinates of the event are 13.7563, 100.5018. Authorities and analysts warn of further developments and are monitoring the situation closely.","(13.7563, 100.5018)"
Humanitarian,"Cyclone Tej Devastates Coastal Oman, Emergency Declared in Dhofar",,Defense Blog,OSINT,https://defence-blog.com,"Cyclone Tej made landfall near Salalah, Oman, bringing sustained winds of 140 km/h and torrential rainfall. Authorities declared a state of emergency as floodwaters submerged entire neighborhoods. Initial reports indicate 19 fatalities and hundreds displaced. Humanitarian aid from UAE and Iran is being routed through Muscat under naval escort due to unstable weather patterns. The incident has been independently verified by Defense Blog and corroborated through satellite imagery, HUMINT, and local reporting. The geo-coordinates of the event are 17.0159, 54.0924. Authorities and analysts warn of further developments and are monitoring the situation closely.","(17.0159, 54.0924)"
Conflict,"Sudanese Army Repels RSF Assault Near Port Sudan, Dozens Killed",,The Diplomat,Analysis,https://thediplomat.com,"In a major escalation of the Sudanese civil conflict, RSF paramilitary forces attempted to seize control of Port Sudan but were repelled by entrenched Sudanese Army units. Clashes lasted over nine hours, with at least 37 fighters reported dead. The port remains a critical logistical hub for international humanitarian aid. Drone footage shows extensive damage to surrounding infrastructure, including a customs depot. The incident has been independently verified by The Diplomat and corroborated through satellite imagery, HUMINT, and local reporting. The geo-coordinates of the event are 19.6158, 37.2164. Authorities and analysts warn of further developments and are monitoring the situation closely.","(19.6158, 37.2164)"
Economy,"Venezuelan Oil Output Disrupted After Apparent Sabotage at Maracaibo Refinery",,Stratfor,Analysis,https://worldview.stratfor.com,"Venezuela's state-owned oil company PDVSA reported a critical shutdown of refining operations at the Maracaibo complex following what officials describe as a 'coordinated sabotage effort'. Black smoke was seen rising from the site, and initial assessments estimate losses at $140 million USD. Local authorities have detained five individuals suspected of collusion with foreign actors. The incident has been independently verified by Stratfor and corroborated through satellite imagery, HUMINT, and local reporting. The geo-coordinates of the event are 10.6666, -71.6125. Authorities and analysts warn of further developments and are monitoring the situation closely.","(10.6666, -71.6125)"
Technology,"Major Quantum Computing Breakthrough Achieved in Silicon Valley",,Bloomberg,Media,https://www.bloomberg.com,"A consortium of tech companies led by Google and IBM has announced a breakthrough in quantum computing, achieving quantum supremacy with a 1,000-qubit processor. The development, which occurred at Google's Quantum AI campus, marks a significant milestone in the US-China tech competition. The processor demonstrated the ability to solve complex problems in minutes that would take classical computers years. The incident has been independently verified by Bloomberg and corroborated through technical documentation and industry analysis. The geo-coordinates of the event are 37.4419, -122.1430. Authorities and analysts warn of further developments and are monitoring the situation closely.","(37.4419, -122.1430)"
Security,"Russian Cyber Attack Disrupts Baltic Energy Grid",,NATO Intelligence Brief,Verified,https://www.nato.int,"A sophisticated cyber attack targeting Estonia's power grid has been attributed to Russian state-sponsored actors. The attack, which affected three major substations, caused temporary blackouts affecting 50,000 residents. NATO's cyber defense unit has deployed technical teams to assist in mitigation. The incident has been independently verified by NATO Intelligence Brief and corroborated through digital forensics and network analysis. The geo-coordinates of the event are 59.4369, 24.7536. Authorities and analysts warn of further developments and are monitoring the situation closely.","(59.4369, 24.7536)"
Environment,"Record-Breaking Heatwave Triggers State of Emergency in India",,Al Jazeera,Media,https://www.aljazeera.com,"India's capital region has declared a state of emergency as temperatures soar to 52°C (125.6°F), breaking all previous records. The heatwave has claimed at least 200 lives and overwhelmed hospitals with heat-related illnesses. The government has implemented emergency measures including water distribution and power rationing. The incident has been independently verified by Al Jazeera and corroborated through meteorological data and local reporting. The geo-coordinates of the event are 28.6139, 77.2090. Authorities and analysts warn of further developments and are monitoring the situation closely.","(28.6139, 77.2090)"
Diplomacy,"ASEAN Summit Addresses South China Sea Tensions",,Reuters,Media,https://www.reuters.com,"ASEAN leaders convened in Jakarta for an emergency summit to address escalating tensions in the South China Sea. The meeting follows recent confrontations between Chinese and Philippine vessels near Second Thomas Shoal. The bloc has called for immediate de-escalation and reaffirmed commitment to the Code of Conduct negotiations. The incident has been independently verified by Reuters and corroborated through diplomatic sources and official statements. The geo-coordinates of the event are -6.2088, 106.8456. Authorities and analysts warn of further developments and are monitoring the situation closely.","(-6.2088, 106.8456)"
Economy,"Global Finance Ministers Meet to Address AI Market Impact",,Financial Times,Media,https://www.ft.com,"Finance ministers from G20 nations have convened in Geneva to address the growing impact of AI on global financial markets. The meeting follows recent market volatility attributed to AI-driven trading algorithms. Key discussions focus on regulatory frameworks for AI in finance and potential systemic risks. The incident has been independently verified by Financial Times and corroborated through official statements and market analysis. The geo-coordinates of the event are 46.2044, 6.1432. Authorities and analysts warn of further developments and are monitoring the situation closely.","(46.2044, 6.1432)"
Humanitarian,"New Virus Variant Emerges in Southeast Asia",,WHO Press Release,Verified,https://www.who.int,"The World Health Organization has confirmed the emergence of a new coronavirus variant in Thailand. The variant, designated BA.2.86.2, shows increased transmissibility and partial resistance to current vaccines. Regional health authorities have implemented enhanced surveillance and travel restrictions. The incident has been independently verified by WHO Press Release and corroborated through genomic sequencing and epidemiological data. The geo-coordinates of the event are 13.7563, 100.5018. Authorities and analysts warn of further developments and are monitoring the situation closely.","(13.7563, 100.5018)"
Politics,"Historic Peace Agreement Signed in Horn of Africa",,UN News,Verified,https://news.un.org,"Ethiopia and Somalia have signed a landmark peace agreement in Djibouti, ending decades of border disputes. The agreement includes provisions for joint economic development and security cooperation. International observers have hailed the deal as a breakthrough for regional stability. The incident has been independently verified by UN News and corroborated through diplomatic sources and official documentation. The geo-coordinates of the event are 11.5886, 43.1458. Authorities and analysts warn of further developments and are monitoring the situation closely.","(11.5886, 43.1458)"
Security,"Military Exercises Commence in South China Sea",,Jane's Defence Weekly,Analysis,https://www.janes.com,"The United States and its regional allies have begun large-scale naval exercises in the South China Sea. The drills, involving three carrier strike groups, focus on anti-submarine warfare and maritime domain awareness. China has condemned the exercises as provocative. The incident has been independently verified by Jane's Defence Weekly and corroborated through satellite imagery and naval tracking data. The geo-coordinates of the event are 15.2, 117.2. Authorities and analysts warn of further developments and are monitoring the situation closely.","(15.2, 117.2)"
Technology,"EU Unveils Comprehensive AI Regulation Framework",,European Commission,Verified,https://ec.europa.eu,"The European Union has announced a sweeping new regulatory framework for artificial intelligence. The legislation, which took two years to develop, establishes strict guidelines for AI development and deployment, particularly in critical sectors. Tech industry leaders have expressed concerns about potential impact on innovation. The incident has been independently verified by European Commission and corroborated through legislative documents and industry analysis. The geo-coordinates of the event are 50.8503, 4.3517. Authorities and analysts warn of further developments and are monitoring the situation closely.","(50.8503, 4.3517)"
Environment,"Major Oil Discovery in Arctic Triggers Geopolitical Tensions",,Stratfor,Analysis,https://worldview.stratfor.com,"A consortium of energy companies has announced the discovery of significant oil reserves in the Norwegian Arctic. The find, estimated at 8 billion barrels, has sparked renewed debate over Arctic resource exploitation and environmental protection. Russia has lodged formal protests over the exploration activities. The incident has been independently verified by Stratfor and corroborated through geological surveys and industry reports. The geo-coordinates of the event are 78.9241, 11.9277. Authorities and analysts warn of further developments and are monitoring the situation closely.","(78.9241, 11.9277)"
Conflict,"Heavy Fighting Reported in Eastern Ukraine",,OSINT Watch Telegram,OSINT,https://t.me/osintwatch,"Intense fighting has erupted near Kharkiv as Ukrainian forces attempt to break through Russian defensive lines. Satellite imagery shows significant movement of armored vehicles and artillery. Casualty figures remain unconfirmed but are believed to be substantial on both sides. The incident has been independently verified by OSINT Watch Telegram and corroborated through satellite imagery and social media analysis. The geo-coordinates of the event are 50.0049, 36.2314. Authorities and analysts warn of further developments and are monitoring the situation closely.","(50.0049, 36.2314)"
Humanitarian,"Yemen Humanitarian Corridor Reopens After Months",,ICRC Press Release,Verified,https://www.icrc.org,"The International Committee of the Red Cross has confirmed the reopening of a critical humanitarian corridor in Yemen after months of closure. The corridor will allow the delivery of essential supplies to areas affected by ongoing conflict. Initial convoys are already en route with medical supplies and food aid. The incident has been independently verified by ICRC Press Release and corroborated through field reports and satellite imagery. The geo-coordinates of the event are 15.3694, 44.1910. Authorities and analysts warn of further developments and are monitoring the situation closely.","(15.3694, 44.1910)"
Security,"Suspected Iranian Drone Swarm Detected Near Strait of Hormuz",,OSINT Watch Telegram,OSINT,https://t.me/osintwatch,"Multiple maritime OSINT channels report detection of an unusual drone swarm activity near the Strait of Hormuz. The drones, believed to be Iranian-made, were tracked by commercial shipping radar systems. US Fifth Fleet has increased patrols in response. The incident has been independently verified by OSINT Watch Telegram and corroborated through maritime tracking data and commercial satellite imagery. The geo-coordinates of the event are 26.5925, 56.2447. Authorities and analysts warn of further developments and are monitoring the situation closely.","(26.5925, 56.2447)"
Technology,"North Korea Claims Successful Test of AI-Powered Combat Drone",,NK News,Analysis,https://www.nknews.org,"North Korea's state media has released footage purporting to show a new AI-powered combat drone in flight. The drone appears to be based on Chinese technology but with significant modifications. South Korean military analysts estimate the drone's range at 500km. The incident has been independently verified by NK News and corroborated through satellite imagery and technical analysis. The geo-coordinates of the event are 39.0392, 125.7625. Authorities and analysts warn of further developments and are monitoring the situation closely.","(39.0392, 125.7625)"
Environment,"Massive Methane Leak Detected in Permafrost Region",,Arctic OSINT Network,OSINT,https://t.me/arctic_osint,"A significant methane leak has been detected in Siberia's permafrost region. Satellite data shows the release of approximately 100,000 tons of methane over a 24-hour period. Scientists warn this could trigger a feedback loop accelerating global warming. The incident has been independently verified by Arctic OSINT Network and corroborated through satellite imagery and atmospheric data. The geo-coordinates of the event are 67.4500, 86.1000. Authorities and analysts warn of further developments and are monitoring the situation closely.","(67.4500, 86.1000)"
Diplomacy,"Brazil and Argentina Announce Joint Space Program",,SpaceWatch Global,Analysis,https://spacewatch.global,"Brazil and Argentina have announced a joint space program focusing on satellite development and launch capabilities. The initiative includes plans for a new launch facility in northeastern Brazil. The program has received backing from both countries' defense ministries. The incident has been independently verified by SpaceWatch Global and corroborated through official statements and satellite imagery. The geo-coordinates of the event are -14.2350, -51.9253. Authorities and analysts warn of further developments and are monitoring the situation closely.","(-14.2350, -51.9253)"
Economy,"Major Cryptocurrency Exchange Collapses in Hong Kong",,Crypto OSINT Network,OSINT,https://t.me/crypto_osint,"Hong Kong-based cryptocurrency exchange Global Digital Assets has declared bankruptcy, affecting over 100,000 investors. The collapse follows allegations of fraudulent trading practices and missing customer funds. Hong Kong regulators have launched an emergency investigation. The incident has been independently verified by Crypto OSINT Network and corroborated through blockchain analysis and financial records. The geo-coordinates of the event are 22.2783, 114.1747. Authorities and analysts warn of further developments and are monitoring the situation closely.","(22.2783, 114.1747)"
Conflict,"Ethnic Clashes Erupt in Myanmar's Shan State",,Myanmar OSINT Group,OSINT,https://t.me/myanmar_osint,"Heavy fighting has broken out between ethnic armed groups and Myanmar's military in northern Shan State. The conflict has displaced over 5,000 civilians and disrupted critical trade routes to China. Multiple armed groups have formed an alliance against the military junta. The incident has been independently verified by Myanmar OSINT Group and corroborated through social media analysis and local reporting. The geo-coordinates of the event are 22.0363, 98.7407. Authorities and analysts warn of further developments and are monitoring the situation closely.","(22.0363, 98.7407)"
Security,"Suspected Russian Submarine Activity in North Atlantic",,Maritime OSINT Network,OSINT,https://t.me/maritime_osint,"Commercial shipping and fishing vessels have reported unusual underwater activity in the North Atlantic. NATO naval forces have increased patrols in response to potential Russian submarine operations. The activity coincides with planned NATO exercises in the region. The incident has been independently verified by Maritime OSINT Network and corroborated through maritime tracking data and acoustic analysis. The geo-coordinates of the event are 61.9241, -6.9112. Authorities and analysts warn of further developments and are monitoring the situation closely.","(61.9241, -6.9112)"
Technology,"Breakthrough in Fusion Energy Achieved in South Korea",,Energy OSINT Network,OSINT,https://t.me/energy_osint,"South Korea's KSTAR fusion reactor has achieved a record-breaking plasma confinement time of 30 seconds at 100 million degrees Celsius. The breakthrough marks a significant step toward commercial fusion power. International fusion research teams have requested access to the data. The incident has been independently verified by Energy OSINT Network and corroborated through scientific documentation and peer review. The geo-coordinates of the event are 36.3504, 127.3845. Authorities and analysts warn of further developments and are monitoring the situation closely.","(36.3504, 127.3845)"
Environment,"Massive Sargassum Bloom Threatens Caribbean Tourism",,Caribbean OSINT Network,OSINT,https://t.me/caribbean_osint,"Satellite imagery reveals an unprecedented Sargassum seaweed bloom stretching from West Africa to the Caribbean. The bloom, estimated at 13 million tons, threatens tourism and marine ecosystems. Scientists attribute the growth to climate change and nutrient runoff. The incident has been independently verified by Caribbean OSINT Network and corroborated through satellite imagery and oceanographic data. The geo-coordinates of the event are 18.2208, -66.5901. Authorities and analysts warn of further developments and are monitoring the situation closely.","(18.2208, -66.5901)"
Politics,"Pro-Democracy Protests Escalate in Hong Kong",,HK OSINT Network,OSINT,https://t.me/hk_osint,"Large-scale protests have erupted in Hong Kong following the arrest of prominent pro-democracy activists. The demonstrations, organized through encrypted messaging apps, have drawn tens of thousands. Authorities have deployed riot police and water cannons. The incident has been independently verified by HK OSINT Network and corroborated through social media analysis and local reporting. The geo-coordinates of the event are 22.2783, 114.1747. Authorities and analysts warn of further developments and are monitoring the situation closely.","(22.2783, 114.1747)"
Security,"Suspected Chinese Spy Balloon Detected Over Taiwan",,Taiwan Defense OSINT,OSINT,https://t.me/taiwan_defense_osint,"Taiwan's defense ministry has reported detecting a high-altitude balloon believed to be a Chinese surveillance platform. The balloon was tracked for several hours before being lost in cloud cover. Taiwan's air force has been placed on alert. The incident has been independently verified by Taiwan Defense OSINT and corroborated through radar data and satellite imagery. The geo-coordinates of the event are 25.0330, 121.5654. Authorities and analysts warn of further developments and are monitoring the situation closely.","(25.0330, 121.5654)"
Technology,"Major Data Breach at Indian Government Agency",,Cyber OSINT Network,OSINT,https://t.me/cyber_osint,"A massive data breach has been detected at India's National Informatics Centre, affecting millions of citizens' records. The breach appears to be the work of a sophisticated state-sponsored actor. Indian cybersecurity agencies are working with international partners to investigate. The incident has been independently verified by Cyber OSINT Network and corroborated through digital forensics and network analysis. The geo-coordinates of the event are 28.6139, 77.2090. Authorities and analysts warn of further developments and are monitoring the situation closely.","(28.6139, 77.2090)"
Environment,"Record-Breaking Drought in Amazon Basin",,Amazon OSINT Network,OSINT,https://t.me/amazon_osint,"The Amazon Basin is experiencing its worst drought in recorded history, with river levels at historic lows. Satellite imagery shows extensive forest stress and increased fire risk. Indigenous communities are reporting severe water shortages. The incident has been independently verified by Amazon OSINT Network and corroborated through satellite imagery and environmental data. The geo-coordinates of the event are -3.4653, -62.2159. Authorities and analysts warn of further developments and are monitoring the situation closely.","(-3.4653, -62.2159)"
Diplomacy,"Saudi Arabia and Israel Normalize Relations",,Gulf OSINT Network,OSINT,https://t.me/gulf_osint,"Saudi Arabia and Israel have announced the establishment of full diplomatic relations, marking a historic shift in Middle East geopolitics. The agreement includes economic cooperation and security arrangements. Palestinian leaders have condemned the move. The incident has been independently verified by Gulf OSINT Network and corroborated through diplomatic sources and official statements. The geo-coordinates of the event are 24.7136, 46.6753. Authorities and analysts warn of further developments and are monitoring the situation closely.","(24.7136, 46.6753)"
Economy,"Major Bank Collapse in Switzerland",,Finance OSINT Network,OSINT,https://t.me/finance_osint,"Swiss banking giant Credit Suisse has announced its collapse, triggering a major financial crisis in Europe. The bank's failure follows months of speculation about its financial health. Swiss authorities have implemented emergency measures to prevent contagion. The incident has been independently verified by Finance OSINT Network and corroborated through financial records and market analysis. The geo-coordinates of the event are 47.3769, 8.5417. Authorities and analysts warn of further developments and are monitoring the situation closely.","(47.3769, 8.5417)"
Conflict,"Heavy Fighting in Eastern DRC",,DRC OSINT Network,OSINT,https://t.me/drc_osint,"Intense fighting has erupted between government forces and M23 rebels in eastern Democratic Republic of Congo. The conflict has displaced over 100,000 civilians and disrupted critical mining operations. UN peacekeepers have been targeted in the violence. The incident has been independently verified by DRC OSINT Network and corroborated through social media analysis and local reporting. The geo-coordinates of the event are -1.9441, 29.8739. Authorities and analysts warn of further developments and are monitoring the situation closely.","(-1.9441, 29.8739)"
Security,"Suspected North Korean Missile Test",,Korea OSINT Network,OSINT,https://t.me/korea_osint,"South Korean and Japanese authorities have detected a suspected North Korean missile launch. The projectile appears to be a new type of solid-fuel missile with improved range. The test follows weeks of escalating tensions on the Korean Peninsula. The incident has been independently verified by Korea OSINT Network and corroborated through radar data and satellite imagery. The geo-coordinates of the event are 39.0392, 125.7625. Authorities and analysts warn of further developments and are monitoring the situation closely.","(39.0392, 125.7625)"
Technology,"Breakthrough in Quantum Encryption",,Tech OSINT Network,OSINT,https://t.me/tech_osint,"Chinese scientists have announced a breakthrough in quantum encryption technology, achieving secure communication over 1,000 kilometers. The development has significant implications for global cybersecurity. Western intelligence agencies are reportedly analyzing the implications. The incident has been independently verified by Tech OSINT Network and corroborated through scientific documentation and technical analysis. The geo-coordinates of the event are 39.9042, 116.4074. Authorities and analysts warn of further developments and are monitoring the situation closely.","(39.9042, 116.4074)"
Environment,"Major Oil Spill in Gulf of Mexico",,Gulf Coast OSINT,OSINT,https://t.me/gulf_coast_osint,"A major oil spill has been detected in the Gulf of Mexico following a pipeline rupture. Satellite imagery shows the spill covering an area of approximately 100 square kilometers. Environmental groups are calling for immediate action to prevent coastal damage. The incident has been independently verified by Gulf Coast OSINT and corroborated through satellite imagery and environmental data. The geo-coordinates of the event are 28.7505, -89.7505. Authorities and analysts warn of further developments and are monitoring the situation closely.","(28.7505, -89.7505)"
Politics,"Military Coup Attempt in Niger",,Sahel OSINT Network,OSINT,https://t.me/sahel_osint,"Armed forces in Niger have attempted to overthrow the civilian government. The coup attempt follows weeks of political tension and economic instability. ECOWAS has threatened military intervention if constitutional order is not restored. The incident has been independently verified by Sahel OSINT Network and corroborated through social media analysis and local reporting. The geo-coordinates of the event are 13.5117, 2.1251. Authorities and analysts warn of further developments and are monitoring the situation closely.","(13.5117, 2.1251)"
Security,"Unusual Military Movement Detected in Eastern Mediterranean",,Intel_Insider,OSINT,https://t.me/intel_insider,"Multiple commercial vessels report unusual military ship movements near Cyprus. Satellite imagery shows increased activity at Russian naval base in Tartus. NATO AWACS aircraft have been conducting extended patrols in the area. The incident has been independently verified by Intel_Insider and corroborated through maritime tracking and satellite imagery. The geo-coordinates of the event are 34.6788, 33.0444. Authorities and analysts warn of further developments and are monitoring the situation closely.","(34.6788, 33.0444)"
Technology,"Advanced AI Model Leaked from Chinese Tech Company",,Reuters,Media,https://www.reuters.com,"A major Chinese tech company has reported a significant data breach involving its latest AI model. The leak includes training data and model architecture, potentially worth billions in intellectual property. Western intelligence agencies are analyzing the implications. The incident has been independently verified by Reuters and corroborated through technical analysis and industry sources. The geo-coordinates of the event are 39.9042, 116.4074. Authorities and analysts warn of further developments and are monitoring the situation closely.","(39.9042, 116.4074)"
Environment,"Critical Water Shortage in Central Asia",,AP,Media,https://apnews.com,"A severe water crisis has emerged in Central Asia as the Amu Darya river reaches its lowest level in recorded history. The shortage has sparked tensions between Uzbekistan and Tajikistan over water sharing agreements. Local communities are reporting crop failures and livestock losses. The incident has been independently verified by AP and corroborated through satellite imagery and local reporting. The geo-coordinates of the event are 41.3775, 64.5853. Authorities and analysts warn of further developments and are monitoring the situation closely.","(41.3775, 64.5853)"
Diplomacy,"Secret Talks Between Iran and Saudi Arabia",,Mil_Intel_Pro,OSINT,https://t.me/mil_intel_pro,"High-level diplomatic meetings between Iranian and Saudi officials have been detected in Oman. The talks reportedly focus on regional security and economic cooperation. Multiple intelligence sources confirm the presence of senior officials from both countries. The incident has been independently verified by Mil_Intel_Pro and corroborated through diplomatic sources and satellite imagery. The geo-coordinates of the event are 23.5932, 58.5473. Authorities and analysts warn of further developments and are monitoring the situation closely.","(23.5932, 58.5473)"
Economy,"Major Bank Run in Turkey",,Bloomberg,Media,https://www.bloomberg.com,"Turkey's largest private bank has experienced a sudden withdrawal of $2.5 billion in deposits over 48 hours. The incident follows rumors of financial instability and has triggered emergency measures by the central bank. International markets are showing signs of contagion. The incident has been independently verified by Bloomberg and corroborated through financial records and market analysis. The geo-coordinates of the event are 41.0082, 28.9784. Authorities and analysts warn of further developments and are monitoring the situation closely.","(41.0082, 28.9784)"
Conflict,"Escalating Violence in Northern Nigeria",,GeoIntel_Updates,OSINT,https://t.me/geointel_updates,"Armed groups have launched coordinated attacks across multiple states in northern Nigeria. The violence has claimed over 200 lives and displaced thousands. Security forces are struggling to contain the situation. The incident has been independently verified by GeoIntel_Updates and corroborated through social media analysis and local reporting. The geo-coordinates of the event are 9.0820, 8.6753. Authorities and analysts warn of further developments and are monitoring the situation closely.","(9.0820, 8.6753)"
Security,"Suspected Nuclear Material Smuggling Operation",,CIA Intelligence Brief,Verified,https://www.cia.gov,"Intelligence agencies have uncovered evidence of a sophisticated nuclear material smuggling network operating in Eastern Europe. The operation appears to involve multiple state actors and criminal organizations. International law enforcement agencies are coordinating a response. The incident has been independently verified by CIA Intelligence Brief and corroborated through intelligence sources and technical analysis. The geo-coordinates of the event are 52.2297, 21.0122. Authorities and analysts warn of further developments and are monitoring the situation closely.","(52.2297, 21.0122)"
Technology,"Breakthrough in Quantum Computing Security",,Jane's Defence Weekly,Analysis,https://www.janes.com,"A team of researchers has demonstrated a new quantum-resistant encryption method that could protect critical infrastructure from future quantum computer attacks. The breakthrough has significant implications for national security. Multiple governments have expressed interest in the technology. The incident has been independently verified by Jane's Defence Weekly and corroborated through scientific documentation and peer review. The geo-coordinates of the event are 51.5074, -0.1278. Authorities and analysts warn of further developments and are monitoring the situation closely.","(51.5074, -0.1278)"
Environment,"Massive Forest Fire in Siberia",,Siberia_Intel,OSINT,https://t.me/siberia_intel,"A catastrophic forest fire has erupted in Siberia, covering an area larger than Belgium. The fire is releasing unprecedented amounts of carbon dioxide and threatening critical infrastructure. Russian authorities have declared a state of emergency. The incident has been independently verified by Siberia_Intel and corroborated through satellite imagery and environmental data. The geo-coordinates of the event are 61.5240, 105.3188. Authorities and analysts warn of further developments and are monitoring the situation closely.","(61.5240, 105.3188)"
Politics,"Military Coup in Guinea-Bissau",,Africa_Intel_Pro,OSINT,https://t.me/africa_intel_pro,"Armed forces have seized control of key government buildings in Guinea-Bissau's capital. The coup follows months of political instability and economic crisis. ECOWAS has condemned the action and threatened sanctions. The incident has been independently verified by Africa_Intel_Pro and corroborated through social media analysis and local reporting. The geo-coordinates of the event are 11.8636, -15.5977. Authorities and analysts warn of further developments and are monitoring the situation closely.","(11.8636, -15.5977)"
Security,"Major Cyber Attack on European Energy Grid",,MI6 Intelligence Report,Verified,https://www.sis.gov.uk,"A sophisticated cyber attack has disrupted power distribution across multiple European countries. The attack appears to be state-sponsored and targeted critical infrastructure. NATO cyber defense teams are assisting in mitigation. The incident has been independently verified by MI6 Intelligence Report and corroborated through digital forensics and network analysis. The geo-coordinates of the event are 48.8566, 2.3522. Authorities and analysts warn of further developments and are monitoring the situation closely.","(48.8566, 2.3522)"
Technology,"Revolutionary Battery Technology Breakthrough",,IHS Markit,Analysis,https://ihsmarkit.com,"A major breakthrough in solid-state battery technology has been announced by a Japanese research consortium. The new battery design promises five times the energy density of current lithium-ion batteries. The development could revolutionize electric vehicles and renewable energy storage. The incident has been independently verified by IHS Markit and corroborated through technical documentation and industry analysis. The geo-coordinates of the event are 35.6762, 139.6503. Authorities and analysts warn of further developments and are monitoring the situation closely.","(35.6762, 139.6503)"
Environment,"Critical Coral Reef Collapse",,Marine_Intel_Pro,OSINT,https://t.me/marine_intel_pro,"Scientists have documented the largest coral reef die-off in recorded history in the Great Barrier Reef. The event has affected over 50% of the reef's area and threatens marine biodiversity. Climate change is believed to be the primary driver. The incident has been independently verified by Marine_Intel_Pro and corroborated through satellite imagery and scientific data. The geo-coordinates of the event are -18.2871, 147.6992. Authorities and analysts warn of further developments and are monitoring the situation closely.","(-18.2871, 147.6992)"
Diplomacy,"Secret US-China Trade Talks",,Chatham House,Analysis,https://www.chathamhouse.org,"High-level trade negotiations between the US and China have resumed in Singapore. The talks focus on critical technology exports and market access. Both sides have maintained strict secrecy about the discussions. The incident has been independently verified by Chatham House and corroborated through diplomatic sources and official statements. The geo-coordinates of the event are 1.3521, 103.8198. Authorities and analysts warn of further developments and are monitoring the situation closely.","(1.3521, 103.8198)"
Economy,"Major Cryptocurrency Market Manipulation",,RAND Corporation,Analysis,https://www.rand.org,"A sophisticated market manipulation scheme has been uncovered in the cryptocurrency sector, involving multiple exchanges and billions in assets. The operation appears to be coordinated by a criminal syndicate. Regulatory agencies are launching investigations. The incident has been independently verified by RAND Corporation and corroborated through blockchain analysis and financial records. The geo-coordinates of the event are 34.0522, -118.2437. Authorities and analysts warn of further developments and are monitoring the situation closely.","(34.0522, -118.2437)"
Conflict,"Escalating Violence in Kashmir",,Kashmir_Intel,OSINT,https://t.me/kashmir_intel,"Tensions have escalated dramatically in Kashmir following a series of targeted killings. Both India and Pakistan have reinforced their military presence along the Line of Control. The situation threatens to spiral into broader conflict. The incident has been independently verified by Kashmir_Intel and corroborated through social media analysis and local reporting. The geo-coordinates of the event are 34.1491, 74.7970. Authorities and analysts warn of further developments and are monitoring the situation closely.","(34.1491, 74.7970)"
Security,"Suspected Biological Weapons Program",,Mossad Intelligence Report,Verified,https://www.mossad.gov.il,"Intelligence agencies have uncovered evidence of a suspected biological weapons program in a Middle Eastern country. The program appears to be developing novel pathogens with military applications. International organizations are investigating. The incident has been independently verified by Mossad Intelligence Report and corroborated through intelligence sources and technical analysis. The geo-coordinates of the event are 33.5138, 36.2765. Authorities and analysts warn of further developments and are monitoring the situation closely.","(33.5138, 36.2765)"
Technology,"Revolutionary Space Propulsion System",,Space_Intel_Pro,OSINT,https://t.me/space_intel_pro,"A private space company has successfully tested a revolutionary propulsion system that could dramatically reduce travel time to Mars. The technology uses a novel fusion-based approach. NASA and ESA have expressed interest in collaboration. The incident has been independently verified by Space_Intel_Pro and corroborated through technical documentation and industry analysis. The geo-coordinates of the event is 34.1478, -118.1445. Authorities and analysts warn of further developments and are monitoring the situation closely.","(34.1478, -118.1445)"
Environment,"Major Earthquake in Pacific Ring of Fire",,USGS,Verified,https://www.usgs.gov,"A powerful 8.2 magnitude earthquake has struck near the Solomon Islands, triggering tsunami warnings across the Pacific. The quake has caused significant damage to coastal communities. International aid organizations are mobilizing response teams. The incident has been independently verified by USGS and corroborated through seismic data and satellite imagery. The geo-coordinates of the event are -9.6457, 159.9722. Authorities and analysts warn of further developments and are monitoring the situation closely.","(-9.6457, 159.9722)"
Politics,"Revolutionary Movement in Latin America",,CSIS,Analysis,https://www.csis.org,"A new political movement has emerged across multiple Latin American countries, challenging traditional power structures. The movement appears to be coordinated through social media and encrypted messaging. Regional governments are monitoring developments closely. The incident has been independently verified by CSIS and corroborated through social media analysis and local reporting. The geo-coordinates of the event are -15.7801, -47.9292. Authorities and analysts warn of further developments and are monitoring the situation closely.","(-15.7801, -47.9292)"
Security,"Major Cartel Arms Trafficking Operation Uncovered",,DEA Intelligence Report,Verified,https://www.dea.gov,"A sophisticated arms trafficking network linking Mexican cartels to Eastern European suppliers has been disrupted. The operation involved the transfer of advanced military-grade weapons through multiple countries. Authorities seized over 500 firearms and arrested 12 individuals across three continents. The incident has been independently verified by DEA Intelligence Report and corroborated through surveillance data and financial records. The geo-coordinates of the event are 19.4326, -99.1332. Authorities and analysts warn of further developments and are monitoring the situation closely.","(19.4326, -99.1332)"
Conflict,"Cartel Violence Escalates in Ecuador's Port Cities",,El Comercio,Media,https://www.elcomercio.com,"Ecuador's major port cities have been plunged into chaos following a wave of coordinated cartel attacks. The violence, targeting port infrastructure and security forces, has claimed over 50 lives in the past week. The attacks appear to be retaliation for recent anti-narcotics operations. The incident has been independently verified by El Comercio and corroborated through local reporting and security camera footage. The geo-coordinates of the event are -2.1700, -79.9224. Authorities and analysts warn of further developments and are monitoring the situation closely.","(-2.1700, -79.9224)"
Economy,"Cartel Money Laundering Network Exposed in European Banks",,Financial Times,Media,https://www.ft.com,"A major investigation has uncovered a sophisticated money laundering operation involving multiple European banks and Mexican cartels. The scheme, which processed over $2 billion in illicit funds, utilized complex cryptocurrency transactions and shell companies. Several senior banking executives have been arrested. The incident has been independently verified by Financial Times and corroborated through financial records and blockchain analysis. The geo-coordinates of the event are 48.8566, 2.3522. Authorities and analysts warn of further developments and are monitoring the situation closely.","(48.8566, 2.3522)"
Security,"Cartel Drone Swarm Attacks Mexican Military Base",,Mil_Intel_Pro,OSINT,https://t.me/mil_intel_pro,"A coordinated drone attack has targeted a Mexican military base near the US border. The attack, involving multiple weaponized drones, caused significant damage to infrastructure and injured several personnel. The incident marks a significant escalation in cartel military capabilities. The incident has been independently verified by Mil_Intel_Pro and corroborated through drone footage and military sources. The geo-coordinates of the event are 31.7619, -106.4850. Authorities and analysts warn of further developments and are monitoring the situation closely.","(31.7619, -106.4850)"
Politics,"Cartel Influence in Local Elections Exposed",,Proceso,Media,https://www.proceso.com.mx,"Investigative journalists have uncovered evidence of widespread cartel interference in recent Mexican local elections. The investigation reveals systematic intimidation of candidates and voters, as well as direct funding of political campaigns. Multiple elected officials have been implicated. The incident has been independently verified by Proceso and corroborated through financial records and witness testimony. The geo-coordinates of the event are 19.4326, -99.1332. Authorities and analysts warn of further developments and are monitoring the situation closely.","(19.4326, -99.1332)"
Security,"Major Cartel Training Camp Discovered in Central America",,CIA Intelligence Brief,Verified,https://www.cia.gov,"Satellite imagery has revealed a sophisticated training facility in the remote jungles of Guatemala. The camp, believed to be operated by the Sinaloa Cartel, includes obstacle courses, shooting ranges, and advanced communications equipment. Guatemalan special forces are preparing a raid. The incident has been independently verified by CIA Intelligence Brief and corroborated through satellite imagery and HUMINT sources. The geo-coordinates of the event are 15.7835, -90.2308. Authorities and analysts warn of further developments and are monitoring the situation closely.","(15.7835, -90.2308)"
Technology,"Gulf Cartel Deploys AI-Powered Surveillance Network in Tamaulipas",,Wired,Media,https://www.wired.com,"The Gulf Cartel has reportedly developed an advanced surveillance system using AI and facial recognition technology in Tamaulipas state. The network, which monitors key transportation routes and border crossings, has significantly hampered law enforcement operations. The technology appears to be sourced from Chinese suppliers. The incident has been independently verified by Wired and corroborated through technical analysis and intelligence sources. The geo-coordinates of the event are 25.6866, -100.3161. Authorities and analysts warn of further developments and are monitoring the situation closely.","(25.6866, -100.3161)"
Environment,"Sinaloa Cartel Chemical Dumping Devastates Sonora River Basin",,Reuters,Media,https://www.reuters.com,"Toxic chemicals used in drug production by the Sinaloa Cartel have contaminated the Sonora River basin. The contamination has affected over 100,000 residents and caused significant environmental damage. Local authorities are struggling to contain the spread. The incident has been independently verified by Reuters and corroborated through environmental testing and satellite imagery. The geo-coordinates of the event are 29.0892, -110.9619. Authorities and analysts warn of further developments and are monitoring the situation closely.","(29.0892, -110.9619)"
Security,"Gulf Cartel Semi-Submersible Intercepted off Costa Rica Coast",,US Coast Guard Intelligence,Verified,https://www.uscg.mil,"A sophisticated semi-submersible vessel operated by the Gulf Cartel has been intercepted off the coast of Costa Rica. The craft, capable of carrying up to 10 tons of cargo, represents a significant advancement in cartel maritime capabilities. The crew attempted to scuttle the vessel before capture. The incident has been independently verified by US Coast Guard Intelligence and corroborated through maritime tracking and surveillance data. The geo-coordinates of the event are 8.5379, -83.5715. Authorities and analysts warn of further developments and are monitoring the situation closely.","(8.5379, -83.5715)"
Conflict,"Clan del Golfo vs Gaitanista Self-Defense Forces War Erupts in Buenaventura",,El Tiempo,Media,https://www.eltiempo.com,"Intense fighting has broken out between the Clan del Golfo and Gaitanista Self-Defense Forces in Colombia's Pacific port city of Buenaventura. The conflict, which has displaced thousands of civilians, involves sophisticated military tactics and heavy weaponry. The Colombian military has deployed additional forces to contain the violence. The incident has been independently verified by El Tiempo and corroborated through local reporting and satellite imagery. The geo-coordinates of the event are 3.4516, -76.5320. Authorities and analysts warn of further developments and are monitoring the situation closely.","(3.4516, -76.5320)"
Security,"Sinaloa Cartel Arms Trafficking Network Disrupted in Mexico City",,DEA Intelligence Report,Verified,https://www.dea.gov,"A sophisticated arms trafficking network operated by the Sinaloa Cartel has been disrupted in Mexico City. The operation involved the transfer of advanced military-grade weapons from Eastern European suppliers through multiple countries. Authorities seized over 500 firearms and arrested 12 individuals across three continents. The incident has been independently verified by DEA Intelligence Report and corroborated through surveillance data and financial records. The geo-coordinates of the event are 19.4326, -99.1332. Authorities and analysts warn of further developments and are monitoring the situation closely.","(19.4326, -99.1332)"
Conflict,"Jalisco New Generation Cartel Launches Coordinated Attacks in Guayaquil",,El Comercio,Media,https://www.elcomercio.com,"Ecuador's major port city of Guayaquil has been plunged into chaos following a wave of coordinated attacks by the Jalisco New Generation Cartel (CJNG). The violence, targeting port infrastructure and security forces, has claimed over 50 lives in the past week. The attacks appear to be retaliation for recent anti-narcotics operations. The incident has been independently verified by El Comercio and corroborated through local reporting and security camera footage. The geo-coordinates of the event are -2.1700, -79.9224. Authorities and analysts warn of further developments and are monitoring the situation closely.","(-2.1700, -79.9224)"
Economy,"Gulf Cartel Money Laundering Operation Exposed in European Banks",,Financial Times,Media,https://www.ft.com,"A major investigation has uncovered a sophisticated money laundering operation involving multiple European banks and the Gulf Cartel. The scheme, which processed over $2 billion in illicit funds, utilized complex cryptocurrency transactions and shell companies. Several senior banking executives have been arrested. The incident has been independently verified by Financial Times and corroborated through financial records and blockchain analysis. The geo-coordinates of the event are 48.8566, 2.3522. Authorities and analysts warn of further developments and are monitoring the situation closely.","(48.8566, 2.3522)"
Security,"Los Zetas Drone Swarm Attacks Mexican Military Base in Nuevo Laredo",,Mil_Intel_Pro,OSINT,https://t.me/mil_intel_pro,"A coordinated drone attack by Los Zetas has targeted a Mexican military base near Nuevo Laredo. The attack, involving multiple weaponized drones, caused significant damage to infrastructure and injured several personnel. The incident marks a significant escalation in cartel military capabilities. The incident has been independently verified by Mil_Intel_Pro and corroborated through drone footage and military sources. The geo-coordinates of the event are 27.4864, -99.5073. Authorities and analysts warn of further developments and are monitoring the situation closely.","(27.4864, -99.5073)"
Politics,"Sinaloa Cartel Influence in Sonora State Elections Exposed",,Proceso,Media,https://www.proceso.com.mx,"Investigative journalists have uncovered evidence of widespread Sinaloa Cartel interference in recent Sonora state elections. The investigation reveals systematic intimidation of candidates and voters, as well as direct funding of political campaigns. Multiple elected officials have been implicated. The incident has been independently verified by Proceso and corroborated through financial records and witness testimony. The geo-coordinates of the event are 29.0892, -110.9619. Authorities and analysts warn of further developments and are monitoring the situation closely.","(29.0892, -110.9619)"
Security,"CJNG Training Camp Discovered in Guatemalan Highlands",,CIA Intelligence Brief,Verified,https://www.cia.gov,"Satellite imagery has revealed a sophisticated training facility in the remote highlands of Guatemala. The camp, operated by the Jalisco New Generation Cartel (CJNG), includes obstacle courses, shooting ranges, and advanced communications equipment. Guatemalan special forces are preparing a raid. The incident has been independently verified by CIA Intelligence Brief and corroborated through satellite imagery and HUMINT sources. The geo-coordinates of the event are 15.7835, -90.2308. Authorities and analysts warn of further developments and are monitoring the situation closely.","(15.7835, -90.2308)"
Technology,"Gulf Cartel Deploys AI-Powered Surveillance Network in Tamaulipas",,Wired,Media,https://www.wired.com,"The Gulf Cartel has reportedly developed an advanced surveillance system using AI and facial recognition technology in Tamaulipas state. The network, which monitors key transportation routes and border crossings, has significantly hampered law enforcement operations. The technology appears to be sourced from Chinese suppliers. The incident has been independently verified by Wired and corroborated through technical analysis and intelligence sources. The geo-coordinates of the event are 25.6866, -100.3161. Authorities and analysts warn of further developments and are monitoring the situation closely.","(25.6866, -100.3161)"
Environment,"Sinaloa Cartel Chemical Dumping Devastates Sonora River Basin",,Reuters,Media,https://www.reuters.com,"Toxic chemicals used in drug production by the Sinaloa Cartel have contaminated the Sonora River basin. The contamination has affected over 100,000 residents and caused significant environmental damage. Local authorities are struggling to contain the spread. The incident has been independently verified by Reuters and corroborated through environmental testing and satellite imagery. The geo-coordinates of the event are 29.0892, -110.9619. Authorities and analysts warn of further developments and are monitoring the situation closely.","(29.0892, -110.9619)"
Security,"Gulf Cartel Semi-Submersible Intercepted off Costa Rica Coast",,US Coast Guard Intelligence,Verified,https://www.uscg.mil,"A sophisticated semi-submersible vessel operated by the Gulf Cartel has been intercepted off the coast of Costa Rica. The craft, capable of carrying up to 10 tons of cargo, represents a significant advancement in cartel maritime capabilities. The crew attempted to scuttle the vessel before capture. The incident has been independently verified by US Coast Guard Intelligence and corroborated through maritime tracking and surveillance data. The geo-coordinates of the event are 8.5379, -83.5715. Authorities and analysts warn of further developments and are monitoring the situation closely.","(8.5379, -83.5715)"
Conflict,"Clan del Golfo vs Gaitanista Self-Defense Forces War Erupts in Buenaventura",,El Tiempo,Media,https://www.eltiempo.com,"Intense fighting has broken out between the Clan del Golfo and Gaitanista Self-Defense Forces in Colombia's Pacific port city of Buenaventura. The conflict, which has displaced thousands of civilians, involves sophisticated military tactics and heavy weaponry. The Colombian military has deployed additional forces to contain the violence. The incident has been independently verified by El Tiempo and corroborated through local reporting and satellite imagery. The geo-coordinates of the event are 3.4516, -76.5320. Authorities and analysts warn of further developments and are monitoring the situation closely.","(3.4516, -76.5320)"
